delinq_flag,n,default_rate
No Prior Delinquency,306753,0.2199815486727106
Prior Delinquency,76449,0.24328637392248428
