auc,n,aic,null_deviance,residual_deviance
0.7038248503297682,357531,342995.6822190164,375991.120011125,342961.6822190164
