region,tolerance,dti_cap,n,default_rate
National,0.05,5,19605,0.1693955623565417
Texas,0.05,5,1383,0.1843817787418655
