metric,state,default_rate,n
Texas,TX,0.22783559274928203,32383
National Average,NA,0.22463087353406297,383202
Highest-Risk State,AR,0.2762237762237762,2860
Lowest-Risk State,DC,0.1409090909090909,880
