tx_default_rate,rest_default_rate,p_value,significant_at_5pct
0.22783559274928203,0.22433505596903247,0.15064500287222055,FALSE
