verification_status,n,default_rate
Verified,112117,0.2839176931241471
Source Verified,160162,0.22478490528340056
Not Verified,110923,0.16448347051558287
